datadate,0
2015-11-02,-0.002499255355913394
2015-11-03,0.001634597839812748
2015-11-04,-0.0020497918310567642
2015-11-05,0.000861866874564516
2015-11-06,0.00026661545177088215
2015-11-09,0.0027541685780731267
2015-11-10,-0.0019221290789561488
2015-11-11,0.0034739449792780376
2015-11-12,-0.0008437059376729572
2015-11-13,-0.0015904748289540796
2015-11-16,-0.0019778579696105667
2015-11-17,0.0011731405000250663
2015-11-18,-0.000696638231623529
2015-11-19,0.0019398373964474678
2015-11-20,-0.0018268036297706053
2015-11-23,0.0026393095590908793
2015-11-24,0.0034833254119626886
2015-11-25,-0.000907867765223258
2015-11-27,0.0015723727448507527
2015-11-30,-0.0023641157120162953
2015-12-01,0.001245283919747825
2015-12-02,0.0038439073381696335
2015-12-03,-0.00016153313151498374
2015-12-04,0.0013179591710578893
2015-12-07,0.0020609416513452253
2015-12-08,0.0012577040081125346
2015-12-09,-0.0023099709572670948
2015-12-10,-0.008347611908574233
2015-12-11,0.0024996022740571143
2015-12-14,0.001223401933158473
2015-12-15,0.0032599238973684795
2015-12-16,0.0015706093622873242
2015-12-17,0.0006060667177326683
2015-12-18,-0.005769613758398058
2015-12-21,0.0013682786629014385
2015-12-22,-0.004116566214437433
2015-12-23,-0.0019377549283310605
2015-12-24,-0.001546068062325321
2015-12-28,0.0020248597699535856
2015-12-29,0.00395003974384965
2015-12-30,0.001087942016180619
2015-12-31,-0.004602317529482386
2016-01-04,-0.009005732236664147
2016-01-05,0.004746900154303052
2016-01-06,0.006119429036402292
2016-01-07,0.00022577854964074898
2016-01-08,-0.005455715382783095
2016-01-11,0.009247690460465202
2016-01-12,-0.0019320026316986664
2016-01-13,0.0007817199802308003
2016-01-14,0.0008537780057160656
2016-01-15,-0.0012230353263519658
2016-01-19,0.00656254502241137
2016-01-20,-0.0008009885552725897
2016-01-21,-0.0043062455273918205
2016-01-22,0.003700798075457552
2016-01-25,0.00269202452496672
2016-01-26,-0.006048901191463901
2016-01-27,-0.004161949796617893
2016-01-28,0.002971174633402857
2016-01-29,0.001359508784624851
2016-02-01,0.0004013514434617884
2016-02-02,-0.0034867311883623616
2016-02-03,-0.0019655987907651554
2016-02-04,-0.010793376941284905
2016-02-05,-0.003447309461674263
2016-02-08,0.008234635354130918
2016-02-09,0.0030667662601504488
2016-02-10,0.004034247056542588
2016-02-11,0.0052257681640431475
2016-02-12,-0.009530224139530745
2016-02-16,-0.0017053174985407215
2016-02-17,-0.010022969056576379
2016-02-18,-0.001192493360702726
2016-02-19,0.010104712096108118
2016-02-22,-0.006714344723501798
2016-02-23,0.0032980666187114953
2016-02-24,-0.0014782828042442053
2016-02-25,0.005545502767486415
2016-02-26,-0.0064051567111053235
2016-02-29,-0.005487004991563163
2016-03-01,-0.0037345316644480106
2016-03-02,-0.0046593297367434165
2016-03-03,-0.009120632546853464
2016-03-04,0.0024252389117330373
2016-03-07,-0.008272311485531684
2016-03-08,0.005742170361249636
2016-03-09,0.0006946053261248422
2016-03-10,0.0013220715229838587
2016-03-11,-0.004466217377759378
2016-03-14,-0.0008404552274907705
2016-03-15,0.004261225389096058
2016-03-16,-0.00212228741219038
2016-03-17,-0.005899538899731727
2016-03-18,-0.002421870821574139
2016-03-21,-0.003181417629901976
2016-03-22,0.0005137108588244737
2016-03-23,0.005892007409788456
2016-03-24,0.00030923046753087346
2016-03-28,0.00018425784396876223
2016-03-29,-0.006235613077986117
2016-03-30,0.0018651526362026447
2016-03-31,-0.0024192526076618715
2016-04-01,0.004259908829642785
2016-04-04,0.00093631683425482
2016-04-05,-0.0011513138207992768
2016-04-06,-0.00035764237156462155
2016-04-07,-0.002173772968870492
2016-04-08,0.0026502582146423746
2016-04-11,0.00015189976114500685
2016-04-12,-0.005293014248266758
2016-04-13,0.0003245084068393178
2016-04-14,0.0005730531436177517
2016-04-15,0.00032728945954717086
2016-04-18,-0.0006052818851180415
2016-04-19,-0.003895130036142344
2016-04-20,-0.005604764640157292
2016-04-21,0.0010632469393452822
2016-04-22,-0.0012602151429102996
2016-04-25,0.0006680049163303669
2016-04-26,-0.005043158553696286
2016-04-27,-0.00410133123120279
2016-04-28,-0.0014120899575475808
2016-04-29,0.00314603421852548
2016-05-02,-0.0035490664238447475
2016-05-03,-0.0006916965115230326
2016-05-04,0.0011264138858763054
2016-05-05,6.909065944335773e-05
2016-05-06,0.001423795812790871
2016-05-09,-0.007641200220013095
2016-05-10,-0.0004467673700185733
2016-05-11,0.002101883423627193
2016-05-12,0.00036725142266999067
2016-05-13,0.002175767024425061
2016-05-16,-0.00034147963891242866
2016-05-17,0.0020350445899329677
2016-05-18,0.002574865404570221
2016-05-19,-0.000919634623639491
2016-05-20,-0.003606274879913246
2016-05-23,0.0011719949465000428
2016-05-24,-0.0053364804500082895
2016-05-25,0.0022582386763505026
2016-05-26,-0.0008536704220161408
2016-05-27,-0.004312286396800581
2016-05-31,-0.0009585670420324631
2016-06-01,-0.0023187338301763802
2016-06-02,-0.0008461232588092199
2016-06-03,-0.002042734230131921
2016-06-06,-0.0009150692949625918
2016-06-07,0.001412815630052351
2016-06-08,-0.002847209426278716
2016-06-09,0.002082472825861004
2016-06-10,-0.0013587433617169163
2016-06-13,-0.0012146230910441108
2016-06-14,-0.0009825038942053712
2016-06-15,0.0022463896148280822
2016-06-16,0.00042845602404002764
2016-06-17,-0.001019681990848827
2016-06-20,0.0017296164432399745
2016-06-21,0.000713073964006667
2016-06-22,0.0007786320404160481
2016-06-23,0.0005706365689231922
2016-06-24,-0.007016982959159954
2016-06-27,-0.00206105696331308
2016-06-28,0.0032346097645813655
2016-06-29,0.0005622423688524112
2016-06-30,-0.0014996170921831092
2016-07-01,-0.0014404252078037512
2016-07-05,-6.481454972673259e-05
2016-07-06,0.0024834435859991837
2016-07-07,-0.0010130414951075673
2016-07-08,-0.0015966035139241873
2016-07-11,-0.000601658094219279
2016-07-12,-0.000674113218094528
2016-07-13,-0.0008853295216134447
2016-07-14,-0.0013394845316596598
2016-07-15,0.0009923766934401533
2016-07-18,-0.00024045349405324022
2016-07-19,-0.0010134572437485586
2016-07-20,-0.001182912844034152
2016-07-21,0.002590348701021792
2016-07-22,-0.00246736480560897
2016-07-25,0.0012183645323663576
2016-07-26,-3.122654002549115e-05
2016-07-27,-0.0015694302507899842
2016-07-28,0.0022986795659316467
2016-07-29,-0.000305574465550724
2016-08-01,-0.0019064008241239522
2016-08-02,0.0006175283182772622
2016-08-03,0.001784916132814625
2016-08-04,-0.0044567060273119664
2016-08-05,-0.00310108739809174
2016-08-08,0.00032111554654693436
2016-08-09,0.0034994860660241644
2016-08-10,-0.0029221627557192435
2016-08-11,0.0005534166265670022
2016-08-12,0.0002793321418853108
2016-08-15,-0.0015857957139965534
2016-08-16,0.0027305225544027724
2016-08-17,-0.0008876484415746152
2016-08-18,0.0008650268129898725
2016-08-19,-0.0019752473049297055
2016-08-22,-0.0005727645406495331
2016-08-23,-0.0006190398635231389
2016-08-24,0.0017254651381895646
2016-08-25,-0.003415395780448323
2016-08-26,-0.002033316728237337
2016-08-29,-0.00020443047025900867
2016-08-30,0.002385876808597372
2016-08-31,0.001881384376194613
2016-09-01,-0.001321798159322458
2016-09-02,9.674022618507105e-05
2016-09-06,-0.0015591522388169476
2016-09-07,-0.00031754802569527535
2016-09-08,0.003102633442907402
2016-09-09,-0.0010987979341010577
2016-09-12,-0.003172864164543973
2016-09-13,0.00048204208156932683
2016-09-14,-0.004677852624230907
2016-09-15,-0.002343539392150858
2016-09-16,0.0013975628045802418
2016-09-19,-0.0017273660229372187
2016-09-20,-0.0016884725587320631
2016-09-21,-0.0036455226100144825
2016-09-22,0.004295442633560742
2016-09-23,0.0033949777969819327
2016-09-26,-0.0012825348752867425
2016-09-27,-0.00032374284451868775
2016-09-28,0.0012405428574482757
2016-09-29,0.0021616717875310065
2016-09-30,0.004671112837059759
2016-10-03,-0.0051143693137812645
2016-10-04,0.003095122122784421
2016-10-05,0.0019988719784967794
2016-10-06,-0.006690668445316714
2016-10-07,0.001076802767979154
2016-10-10,0.00014237447653624058
2016-10-11,0.004167963772697132
2016-10-12,-0.0027298103082555496
2016-10-13,0.0024932958355719627
2016-10-14,0.0027301357586320125
2016-10-17,0.00027008503308375236
2016-10-18,0.002284544542511653
2016-10-19,0.0003098380958939592
2016-10-20,0.0011799743985385419
2016-10-21,0.005974079879074343
2016-10-24,-0.004344399859487262
2016-10-25,0.000235128144329835
2016-10-26,-0.0030447193913068094
2016-10-27,-0.0013662599332321902
2016-10-28,-0.0066796307462344525
2016-10-31,0.0018005751156095328
2016-11-01,-0.009229612171441767
2016-11-02,0.0023118534584511425
2016-11-03,0.0031269982029190945
2016-11-04,0.0031358864629484513
2016-11-07,-0.004066600652669531
2016-11-08,-0.004181048333918273
2016-11-09,0.008598833990565404
2016-11-10,0.017283015282687535
2016-11-11,0.0062901421536221865
2016-11-14,0.0011566648318004624
2016-11-15,-0.0041756991696308135
2016-11-16,0.0010566696027211459
2016-11-17,-0.001376877064503136
2016-11-18,0.00047853228198671213
2016-11-21,-0.001528095032585329
2016-11-22,0.001489510460686981
2016-11-23,0.00058697130512999
2016-11-25,-0.0034249484674186187
2016-11-28,-0.000865477303809063
2016-11-29,-0.0045425480811691656
2016-11-30,0.0017978960880531043
2016-12-01,0.010290833756385344
2016-12-02,-0.00013641744736876134
2016-12-05,0.0021782535630488135
2016-12-06,0.0029724467411150744
2016-12-07,0.004894424174025141
2016-12-08,0.0045120762719601856
2016-12-09,0.005838416720673117
2016-12-12,0.0037448924616853476
2016-12-13,-0.0005688787723279215
2016-12-14,-0.0005847519704248734
2016-12-15,0.0017711077718031145
2016-12-16,0.0019738352584736654
2016-12-19,-0.002843655773531579
2016-12-20,-4.4191876357544995e-05
2016-12-21,0.0013512092128110573
2016-12-22,0.001485622533280076
2016-12-23,-0.0006176886063096124
2016-12-27,3.097495708897054e-06
2016-12-28,0.0011640549158639705
2016-12-29,0.0010364755497841388
2016-12-30,-0.0006615041429993829
2017-01-03,0.007843680799737508
2017-01-04,0.0033861796360499415
2017-01-05,-0.011808602112347712
2017-01-06,-0.00849340048705419
2017-01-09,-0.0030882160400042226
2017-01-10,0.0029342574155146574
2017-01-11,-0.00030307991708835105
2017-01-12,-0.005606249811110711
2017-01-13,-0.003593103406216448
2017-01-17,-0.004995676107058878
2017-01-18,-0.003051512387197281
2017-01-19,-0.00345059869174748
2017-01-20,0.0004951964818926618
2017-01-23,-0.0019064569032730748
2017-01-24,0.0014177944042629586
2017-01-25,0.0026902639805741215
2017-01-26,0.001898003028798413
2017-01-27,-0.0015077185025140002
2017-01-30,-0.0016003206271023196
2017-01-31,-0.0028261374803075666
2017-02-01,-0.003049529179933258
2017-02-02,-0.005726424675664034
2017-02-03,0.0007876545135955398
2017-02-06,-0.0033425260877135306
2017-02-07,-0.001539525053050587
2017-02-08,-0.0011277372969436337
2017-02-09,-0.0015970555901460173
2017-02-10,0.00302652128434703
2017-02-13,-0.0013035414679722582
2017-02-14,-0.0004088393329688493
2017-02-15,-0.001254548484444869
2017-02-16,0.0027471498894230816
2017-02-17,0.0018022647137634182
2017-02-21,0.0028793712899677784
2017-02-22,-0.0009518927501424619
2017-02-23,0.005062488682983107
2017-02-24,-0.004516624434207006
2017-02-27,0.00026622145634559133
2017-02-28,-0.0024672470451868756
2017-03-01,-0.005230767865715042
2017-03-02,0.000565965077937913
2017-03-03,-0.00301790112533968
2017-03-06,-0.0034356997972246396
2017-03-07,-0.0025700165024223278
2017-03-08,-0.004004331894456823
2017-03-09,-0.0026048536569548944
2017-03-10,0.00015465681725710452
2017-03-13,-0.001754756254732427
2017-03-14,0.0009012011022830114
2017-03-15,0.0036568175025408984
2017-03-16,0.00046142050171028994
2017-03-17,-0.0009207616556315795
2017-03-20,-0.0019929313581601195
2017-03-21,0.0039001105204856516
2017-03-22,-0.003580857867813992
2017-03-23,0.002769142719228562
2017-03-24,0.0020289253152381477
2017-03-27,-0.0004694867355540665
2017-03-28,0.0006925828839404763
2017-03-29,0.0017566223726378548
2017-03-30,0.00022845203007768598
2017-03-31,0.0006997959704925537
2017-04-03,-0.002033299188890533
2017-04-04,0.002695903852974506
2017-04-05,0.000802849074262925
2017-04-06,-0.0013702571311231303
2017-04-07,-0.0015567946885817808
2017-04-10,0.0017640363525726367
2017-04-11,-0.0032120405389957913
2017-04-12,0.001339330364037655
2017-04-13,-0.0012941143099377676
2017-04-17,-0.0002774671374572214
2017-04-18,-0.001536194928650755
2017-04-19,-0.003122480862423367
2017-04-20,-0.00044371445621812567
2017-04-21,-0.000202711373425892
2017-04-24,-0.00013109337334262696
2017-04-25,0.002814846575326063
2017-04-26,-0.0018825996251352357
2017-04-27,-0.003875228931718919
2017-04-28,-0.0017989374107020817
2017-05-01,-0.0017422490595422142
2017-05-02,-0.00016012148317392415
2017-05-03,-0.004400124437387209
2017-05-04,-0.005453096000302998
2017-05-05,-0.001826915858878647
2017-05-08,0.002204596583334263
2017-05-09,-0.006508799370484948
2017-05-10,0.003754661663227414
2017-05-11,-0.0023125471399724263
2017-05-12,-0.0008238755630173997
2017-05-15,-0.0025135614773626226
2017-05-16,-0.0023986849636973917
2017-05-17,0.0020268167005195498
2017-05-18,-0.001122199531555388
2017-05-19,-0.00036614004200085883
2017-05-22,-0.0018900091637411751
2017-05-23,0.0017246654457501959
2017-05-24,-0.0021636703501614375
2017-05-25,-0.0020509971021633413
2017-05-26,-0.0031222413629862105
2017-05-30,-0.00160726730856227
2017-05-31,-0.0002252298665442291
2017-06-01,0.0031797964126431106
2017-06-02,-0.004378944697343663
2017-06-05,0.00012773910630918544
2017-06-06,0.0011277358924726994
2017-06-07,-0.0011226537272577442
2017-06-08,0.0015507522632026436
2017-06-09,0.011745870829440265
2017-06-12,0.0027492253175986545
2017-06-13,-0.003933124547190599
2017-06-14,-0.0017008561532691649
2017-06-15,-0.003922480847553462
2017-06-16,0.0013607378632192217
2017-06-19,-0.0024920611421522815
2017-06-20,0.002501283194744276
2017-06-21,-0.0002535113862955396
2017-06-22,0.003623779608069335
2017-06-23,0.001406817972143667
2017-06-26,0.005048635519930081
2017-06-27,0.003976975331862972
2017-06-28,0.0005359632091932189
2017-06-29,0.00625281429422625
2017-06-30,-0.0021148628760609294
2017-07-03,0.005338703328097792
2017-07-05,-0.0061893850650856196
2017-07-06,-0.00010539841282374085
2017-07-07,-0.003382279357321018
2017-07-10,-0.0032022879942850487
2017-07-11,-0.002404860544856481
2017-07-12,-0.002324379175983614
2017-07-13,0.001150886956670973
2017-07-14,-0.00026579927574769166
2017-07-17,2.240389113730759e-05
2017-07-18,-0.00035441518238469357
2017-07-19,0.002362190574206599
2017-07-20,0.0010572264848115835
2017-07-21,0.0008940822512397842
2017-07-24,-0.0009325507681007072
2017-07-25,0.0026780708221507167
2017-07-26,-0.003995504963610991
2017-07-27,0.0016994501048001743
2017-07-28,-0.00016986623883767413
2017-07-31,-0.00487110709437581
2017-08-01,0.004146911807207927
2017-08-02,0.003712158865856371
2017-08-03,-0.00206443980074657
2017-08-04,0.0015869836019657662
2017-08-07,-0.00044095219342225135
2017-08-08,0.000922951567119105
2017-08-09,0.002532191277234911
2017-08-10,0.006468215297032152
2017-08-11,-0.003152058440183236
2017-08-14,-0.0010360328617900847
2017-08-15,0.001220452863684722
2017-08-16,-0.0014278493993445179
2017-08-17,0.0017556451418271593
2017-08-18,0.0004319235046110809
2017-08-21,-0.0005683312282977622
2017-08-22,-0.0031675048587414103
2017-08-23,0.006997414109275444
2017-08-24,0.004835293395077557
2017-08-25,0.003375134309795766
2017-08-28,-0.0005925915711215186
2017-08-29,2.8301663508146747e-05
2017-08-30,-0.003080848883545769
2017-08-31,-0.0030959426227536394
2017-09-01,0.0020563050494518133
2017-09-05,-0.004765219249928706
2017-09-06,-0.0012521604913611982
2017-09-07,-0.005093389178272454
2017-09-08,-0.0014711701871956348
2017-09-11,0.002763855265221913
2017-09-12,-0.0002946279133929084
2017-09-13,0.001591267517782091
2017-09-14,-0.00010163521619184534
2017-09-15,0.0018433964114378228
2017-09-18,-0.002220369529811661
2017-09-19,0.001556128582090422
2017-09-20,-0.00030529920663993344
2017-09-21,-0.00024148585865039988
2017-09-22,0.00013235362528573274
2017-09-25,0.003320789192072543
2017-09-26,0.00034230606833149076
2017-09-27,-0.0018410444100419975
2017-09-28,0.00024188653693911206
2017-09-29,-0.00041508845779566377
2017-10-02,-0.0037010007476096377
2017-10-03,-0.002196828313813797
2017-10-04,0.0003107844059449482
2017-10-05,0.00349838492931735
2017-10-06,-0.0002621336027451376
2017-10-09,0.0022089181186308194
2017-10-10,0.0017624157326395725
2017-10-11,0.00040076445655857134
2017-10-12,-0.005428262398302593
2017-10-13,-0.002802612590498213
2017-10-16,-0.00111602801979901
2017-10-17,0.00019735653510509447
2017-10-18,-0.001524508907107849
2017-10-19,0.002716138977426539
2017-10-20,-0.003945854945533637
2017-10-23,-0.0016358683444507027
2017-10-24,-0.0007352378853657287
2017-10-25,0.0008215331140687834
2017-10-26,-0.0018169239143067287
2017-10-27,0.0035332033345207505
2017-10-30,0.0013038991342023377
2017-10-31,-0.0010090694010409093
2017-11-01,0.0002572894213583359
2017-11-02,-0.0026382943239935414
2017-11-03,-0.0030168276736555525
2017-11-06,0.001084309152473261
2017-11-07,-0.0013810656127172945
2017-11-08,-0.004685116999485178
2017-11-09,0.001536832437541583
2017-11-10,-0.0009706887717632646
2017-11-13,-0.0008096702198348635
2017-11-14,-0.0041909204054705156
2017-11-15,0.0022309943701033634
2017-11-16,0.0008819088340496187
2017-11-17,0.001720109988481158
2017-11-20,-0.00164100556612344
2017-11-21,-0.0024592613348180426
2017-11-22,0.0014538951551902686
2017-11-24,-0.0013503061158665417
2017-11-27,0.0018644993039283813
2017-11-28,-0.0015085191053709171
2017-11-29,0.006338616929920652
2017-11-30,-7.179917636410764e-05
2017-12-01,0.0030076792757114655
2017-12-04,-0.0017548576725706388
2017-12-05,0.0025896175152253474
2017-12-06,0.00025510865200711137
2017-12-07,-0.00441907348272316
2017-12-08,0.00045243219139206225
2017-12-11,-0.0005995321295610792
2017-12-12,-0.00031172984645920645
2017-12-13,0.0024065898350088826
2017-12-14,0.0008266105557685702
2017-12-15,0.0024498448974606224
2017-12-18,0.001997479970619782
2017-12-19,0.005068312435527825
2017-12-20,-0.0010378313871561387
2017-12-21,-0.006114823216980057
2017-12-22,-0.0006140495667801343
2017-12-26,-0.0005931758370990109
2017-12-27,0.0008622240977137304
2017-12-28,0.00037181715657143137
2017-12-29,-0.0007487282442308978
2018-01-02,0.0004401701447819439
2018-01-03,0.008488480672348768
2018-01-04,0.0012431168604932655
2018-01-05,0.002781458594743175
2018-01-08,0.0026302511139412537
2018-01-09,0.00012493580072614133
2018-01-10,-0.001293415264201805
2018-01-11,-9.087087271222153e-05
2018-01-12,-0.0008282061574110828
2018-01-16,0.002519729586163257
2018-01-17,0.0027460859215784695
2018-01-18,0.002775464950178703
2018-01-19,0.004947485187825472
2018-01-22,-0.0031547681321629035
2018-01-23,0.0029976665465863434
2018-01-24,0.0024308082098729446
2018-01-25,0.0058639918380037105
2018-01-26,0.0009096695822467331
2018-01-29,-0.0017503875856672755
2018-01-30,-0.002104115231333901
2018-01-31,0.004896174602005149
2018-02-01,-0.0014250892981072403
2018-02-02,-0.00447906871266785
2018-02-05,-0.003457213427233656
2018-02-06,0.005546579881948296
2018-02-07,-0.0008068291672960094
2018-02-08,-0.0017919531177258312
2018-02-09,0.001984618163570812
2018-02-12,0.0039572704615089506
2018-02-13,-0.001276669436387366
2018-02-14,-0.0012832648455414946
2018-02-15,-0.0006462273510028024
2018-02-16,-0.003810106592002745
2018-02-20,-0.001005416529842833
2018-02-21,-0.004659872106824684
2018-02-22,0.0028681741305495527
2018-02-23,0.0013477311452479055
2018-02-26,0.00336440945472255
2018-02-27,-0.005156042432599124
2018-02-28,-0.0038814530535326046
2018-03-01,-0.006646413236198132
2018-03-02,9.757692414810567e-05
2018-03-05,-6.233882939466717e-05
2018-03-06,0.001336637112845135
2018-03-07,-0.0004035920569205289
2018-03-08,0.002529034115580561
2018-03-09,0.0035363232677553176
2018-03-12,0.0009310873965229307
2018-03-13,0.0017682648548444115
2018-03-14,-0.0010374116741233774
2018-03-15,-0.004236333400221555
2018-03-16,-0.001737437974354818
2018-03-19,-0.000503983860765284
2018-03-20,-0.0013170817605479901
2018-03-21,-0.0002604790354557632
2018-03-22,-0.003186672743441226
2018-03-23,-0.0041404380665270865
2018-03-26,0.0014205756177424213
2018-03-27,-0.002668358132947281
2018-03-28,-0.0014186960664846703
2018-03-29,0.00029667240020463754
2018-04-02,-0.0017909321951275008
2018-04-03,-0.003845439876190654
2018-04-04,0.0028795850265378306
2018-04-05,-0.0017586138019595383
2018-04-06,-0.0030513992368661784
2018-04-09,0.0027118134701407375
2018-04-10,0.004741927773604163
2018-04-11,-0.002428043777206301
2018-04-12,-0.00012335570915272833
2018-04-13,-0.0003549641280134446
2018-04-16,0.0024573558725284974
2018-04-17,0.00014298007633414527
2018-04-18,0.00205309849919324
2018-04-19,0.0005136767675615657
2018-04-20,-0.00035198971132288794
2018-04-23,0.00035444091058803583
2018-04-24,-0.0038092016352678855
2018-04-25,-0.0010883812375130368
2018-04-26,-0.001094642428473044
2018-04-27,0.0005355307931482141
2018-04-30,-0.0032192122548105676
2018-05-01,0.000927716955617062
2018-05-02,-0.00164509874465422
2018-05-03,0.00300084581015916
2018-05-04,-0.0008358369245074413
2018-05-07,-0.0002506659968145146
2018-05-08,-0.0029310766085624716
2018-05-09,-0.0014992984913915215
2018-05-10,-7.52399390108403e-05
2018-05-11,-0.00012138105343749184
2018-05-14,0.0011538006989665595
2018-05-15,-0.0012773605347756497
2018-05-16,9.842328068422013e-05
2018-05-17,-0.0037891641815580752
2018-05-18,0.0007964424333487027
2018-05-21,-0.0004223132264950419
2018-05-22,0.0027888431401410074
2018-05-23,0.0007619673966369528
2018-05-24,0.00042482118298685676
2018-05-25,0.004992319017997541
2018-05-29,-0.0017702045656703724
2018-05-30,-0.004216721039301628
2018-05-31,-0.0021133680619739074
2018-06-01,-0.0054496816068281785
2018-06-04,-0.0024042208551443415
2018-06-05,0.0005992376493132919
2018-06-06,0.002998663499742243
2018-06-07,0.002901273757828284
2018-06-08,-0.0007513893796290715
2018-06-11,0.004063827467584783
2018-06-12,-0.0018959981388051031
2018-06-13,-0.0014535889122537621
2018-06-14,-0.002334796760380105
2018-06-15,-0.0011553642754949613
2018-06-18,-0.0012748373790713607
2018-06-19,0.00311174280194714
2018-06-20,-0.004410040099693274
2018-06-21,0.0029420642765136396
2018-06-22,0.0036159260164477505
2018-06-25,0.004458521189792613
2018-06-26,0.0006526484029941908
2018-06-27,0.0038919439825500085
2018-06-28,0.00033083195776272055
2018-06-29,-2.7042721969231065e-05
2018-07-02,0.0009952085125096862
2018-07-03,-0.0009129117250936878
2018-07-05,-0.004780906164054809
2018-07-06,-0.006953367210628717
2018-07-09,0.012402642534526578
2018-07-10,-0.0024836958153350505
2018-07-11,-0.005232640012732666
2018-07-12,-0.0018971656482043154
2018-07-13,-0.0009447584358138806
2018-07-16,0.004061422787902631
2018-07-17,0.0018590653331148432
2018-07-18,0.005872404929073391
2018-07-19,-0.007207781452230129
2018-07-20,0.0033017733173296804
2018-07-23,0.001249777392953948
2018-07-24,0.0014050622613901345
2018-07-25,-0.002194741321710849
2018-07-26,-0.003188843348214118
2018-07-27,0.003988192410646519
2018-07-30,0.0014312277030449681
2018-07-31,-0.0018388578786649888
2018-08-01,-0.0007336032595045472
2018-08-02,0.005366138677000189
2018-08-03,-7.074561358336016e-06
2018-08-06,-0.0032293925214558726
2018-08-07,0.0005513125209047436
2018-08-08,0.001863388415485528
2018-08-09,-0.003081133592209332
2018-08-10,-0.0025545831149635097
2018-08-13,0.0016842985751991792
2018-08-14,0.001254800470094016
2018-08-15,0.0005178887668124578
2018-08-16,0.0011771982218578357
2018-08-17,0.0025138164909131806
2018-08-20,0.002686208991045142
2018-08-21,0.0018871568616792105
2018-08-22,0.0008887519066283534
2018-08-23,-0.0009223272268324261
2018-08-24,-0.0015012378173552292
2018-08-27,0.0007190918768856499
2018-08-28,-0.0005252167432329093
2018-08-29,0.00012677902734079406
2018-08-30,0.001338658934407888
2018-08-31,-0.0009517420015511636
2018-09-04,-0.005171772403993043
2018-09-05,0.002797889647234217
2018-09-06,-0.005449481386244742
2018-09-07,-0.0031473294556862807
2018-09-10,-0.0009107706783482088
2018-09-11,7.437247661595592e-05
2018-09-12,-0.0019137389656588377
2018-09-13,-0.0017890719699160595
2018-09-14,0.0020870135594520736
2018-09-17,0.0013956217951569658
2018-09-18,0.0004916464901832571
2018-09-19,0.0030538933554800094
2018-09-20,-0.0008836143685122857
2018-09-21,0.0014032236381352797
2018-09-24,-0.0031844465097110907
2018-09-25,-0.0035822660890168405
2018-09-26,-0.0016318882680843739
2018-09-27,-8.186601846713984e-05
2018-09-28,0.0005456182212371977
2018-10-01,-0.004728947615390131
2018-10-02,0.0011825149992769257
2018-10-03,0.0010781344319876914
2018-10-04,0.003262242919936546
2018-10-05,-0.0005824643130962747
2018-10-08,0.003250441703443316
2018-10-09,-0.0031889488093450485
2018-10-10,0.007915556702513009
2018-10-11,-0.005211843790307071
2018-10-12,-0.0034628827676909373
2018-10-15,0.0027207892998778213
2018-10-16,-0.003330424394528334
2018-10-17,-0.001793531994551474
2018-10-18,-0.0005554699358986984
2018-10-19,0.0012437437887001142
2018-10-22,-0.0051346698031419944
2018-10-23,0.004641874896269931
2018-10-24,-0.002869362590594204
2018-10-25,0.0018698993386776514
2018-10-26,-0.002312867965744839
2018-10-29,0.0057981678139646595
2018-10-30,-0.004478904729172656
2018-10-31,-0.0037495260185658064
2018-11-01,0.013637502728240918
2018-11-02,-0.0007385493417497227
2018-11-05,0.0027343974074413436
2018-11-06,0.00650465958307326
2018-11-07,0.003359195518357325
2018-11-08,-0.004355611458966028
2018-11-09,-0.0015280101154469883
2018-11-12,-0.001295667497211936
2018-11-13,-0.0003646813469223226
2018-11-14,-0.0009757013070150547
2018-11-15,0.0045169084785967525
2018-11-16,0.0013753348335314318
2018-11-19,0.003465404130273657
2018-11-20,-0.0024499739275491298
2018-11-21,0.006567512880297532
2018-11-23,-0.004242393990959648
2018-11-26,-0.004287631122113225
2018-11-27,-0.003138850347818609
2018-11-28,0.003729478699103933
2018-11-29,0.00032033565723774935
2018-11-30,0.005130197492854747
2018-12-03,-0.0016639585227588263
2018-12-04,-0.007838795653881772
2018-12-05,0.0
2018-12-06,0.0
2018-12-07,0.0
2018-12-10,-0.0050132853566468745
2018-12-11,-0.005042966653605646
2018-12-12,0.0010548374552878852
2018-12-13,-0.0027813129458442373
2018-12-14,-0.002876757578866168
2018-12-17,0.002339799824405661
2018-12-18,-0.0018212759377225027
2018-12-19,-0.0023405292386675346
2018-12-20,-0.001926069160452951
2018-12-21,0.0017169276072006372
2018-12-24,-4.8459276706978475e-05
2018-12-26,-0.0008824031391782087
2018-12-27,-0.0028592981163217237
2018-12-28,0.0034486604270440656
2018-12-31,0.0018307251555754708
2019-01-02,0.014884089509170086
2019-01-03,0.007090928196047135
2019-01-04,0.005620967902665152
2019-01-07,0.008898283753301513
2019-01-08,0.006641990487753289
2019-01-09,0.008582030480562254
2019-01-10,0.001061463094381439
2019-01-11,0.0019417417793524084
2019-01-14,0.001670507749769398
2019-01-15,-0.003607479648767174
2019-01-16,0.000877269926848092
2019-01-17,-0.0015123661591922026
2019-01-18,0.003355116892959655
2019-01-22,-0.0040096976930569985
2019-01-23,-0.0018003693363450894
2019-01-24,0.0062998005958163385
2019-01-25,0.004241871598897802
2019-01-28,0.0010564965272851113
2019-01-29,0.0035299347313115176
2019-01-30,0.003653790903939838
2019-01-31,-0.002949224748411116
2019-02-01,0.0026914238098816627
2019-02-04,0.0020462803993273864
2019-02-05,0.002002035665679692
2019-02-06,-0.0010424613103992262
2019-02-07,-0.0012619074821220372
2019-02-08,-0.0024578766342560087
2019-02-11,0.002809706271465462
2019-02-12,0.0009198635442939425
2019-02-13,-0.00034314919309573965
2019-02-14,-0.0008194801443089216
2019-02-15,0.002181569140269629
2019-02-19,0.006378027282100001
2019-02-20,0.0019188707799349144
2019-02-21,-0.003686074718934389
2019-02-22,-0.002974861973633103
2019-02-25,-0.002141915143483454
2019-02-26,0.0016093764689240953
2019-02-27,-0.0002721572008573365
2019-02-28,0.005610049253572201
2019-03-01,-0.0017070714408630543
2019-03-04,-0.00015720474756155358
2019-03-05,-0.0026310995453353936
2019-03-06,-0.004555874911489844
2019-03-07,-0.0012740824847348124
2019-03-08,-0.00019707462076518008
2019-03-11,0.0027694751671153207
2019-03-12,0.00033805690324913254
2019-03-13,0.001300605591405409
2019-03-14,-0.0013134583003291374
2019-03-15,-0.00461216547089488
2019-03-18,-0.0004112703158239803
2019-03-19,0.0005753192561345768
2019-03-20,0.0005237449053646814
2019-03-21,0.0011351380175078547
2019-03-22,-0.0014685216110127135
2019-03-25,-0.0023773052828220636
2019-03-26,-0.003570358566686332
2019-03-27,0.003789490308797832
2019-03-28,-0.0019414022187720808
2019-03-29,-0.0010909134596113282
2019-04-01,0.0043484685486441955
2019-04-02,0.003960386200737152
2019-04-03,0.003820312976401769
2019-04-04,0.0019485758437683609
2019-04-05,-0.0014751518503306445
2019-04-08,-0.0010280593089357572
2019-04-09,3.301374288848406e-05
2019-04-10,0.003054884701979879
2019-04-11,-0.0007417070840295175
2019-04-12,0.001999815431709166
2019-04-15,-0.0017655335948264668
2019-04-16,0.0009950366913559112
2019-04-17,0.0006300820065803256
2019-04-18,0.0013571611535794217
2019-04-22,-0.003121289830258957
2019-04-23,0.0015963481354975436
2019-04-24,0.00038152798888463964
2019-04-25,0.0014728577545861763
2019-04-26,0.0024415402111054277
2019-04-29,0.003761173145346992
2019-04-30,-0.0013730687581839413
2019-05-01,-0.0013764456590008114
2019-05-02,0.0035920244023615114
2019-05-03,0.0027720638291408293
2019-05-06,-0.0009834658391145675
2019-05-07,-0.0029312800309947654
2019-05-08,-0.0014179275865552697
2019-05-09,0.0003958838629954766
2019-05-10,-0.0018599659643297988
2019-05-13,-0.0017829644703145878
2019-05-14,0.0019861733982697418
2019-05-15,-0.004246090989841282
2019-05-16,-0.0005987340527190495
2019-05-17,-0.0017436117346767426
2019-05-20,-0.0009432580443008528
2019-05-21,0.0011424943504741562
2019-05-22,-0.0016429097685749464
2019-05-23,-0.002129141250861361
2019-05-24,-0.001296151472813475
2019-05-28,-0.0009434034562664519
2019-05-29,0.0012595686996765725
2019-05-30,0.001422859361224964
2019-05-31,-8.057217654890093e-05
2019-06-03,0.004326083652379393
2019-06-04,0.0036687235054960955
2019-06-05,-0.006077807516789086
2019-06-06,-0.00019374522745747914
2019-06-07,0.0005482117494276349
2019-06-10,0.0015659656500141687
2019-06-11,0.0030955437692167685
2019-06-12,0.0018710143027083983
2019-06-13,0.003139973899445793
2019-06-14,-0.000797291487901185
2019-06-17,0.0007821742849513236
2019-06-18,0.0008330849817796679
2019-06-19,-0.00209101193223122
2019-06-20,0.005504341307240922
2019-06-21,-0.0003104123342977117
2019-06-24,-0.0014467872218304034
2019-06-25,0.003460669168086913
2019-06-26,-0.0027343354017190413
2019-06-27,-0.0015328228806627726
2019-06-28,-0.000230964366805887
2019-07-01,0.004864690978680492
2019-07-02,0.007455437281185542
2019-07-03,0.0024847028600142205
2019-07-05,-0.003365473763908165
2019-07-08,-0.0011548291382004643
2019-07-09,-0.0011520709666620569
2019-07-10,0.0011939647725256874
2019-07-11,0.004326021912408522
2019-07-12,0.0040385886146186946
2019-07-15,0.0006956249327814399
2019-07-16,-0.0009759726827935092
2019-07-17,0.0018561385817312008
2019-07-18,0.0053044665906067275
2019-07-19,-0.002137302208788759
2019-07-22,-0.0037347781646284565
2019-07-23,0.00053752804015313
2019-07-24,-0.003202741481587509
2019-07-25,0.004865124047736477
2019-07-26,-0.0004668365951205394
2019-07-29,0.004744150841219304
2019-07-30,-0.010467628735456638
2019-07-31,-0.005979787406526452
2019-08-01,0.000752294465412729
2019-08-02,-0.005731439259344149
2019-08-05,-0.006635308645732006
2019-08-06,0.0022766554812859866
2019-08-07,-0.004780619936478798
2019-08-08,0.005976535772364888
2019-08-09,0.0022561053429172046
2019-08-12,-0.0009078443436272012
2019-08-13,-0.003083137617059609
2019-08-14,0.0003210212264759388
2019-08-15,0.010728560052042238
2019-08-16,0.0011408899445935687
2019-08-19,0.00014531936802919955
2019-08-20,-0.0018784012815666648
2019-08-21,0.0026930779693769445
2019-08-22,0.0006841163332644378
2019-08-23,-0.0015711593792100379
2019-08-26,0.001285054403782166
2019-08-27,0.0009650468402890834
2019-08-28,-0.00391804020833104
2019-08-29,0.00020918598326998645
2019-08-30,0.005344761470131766
2019-09-03,-0.005044528815378401
2019-09-04,-0.005747913169663603
2019-09-05,-0.005146489902111277
2019-09-06,-0.003920581724726493
2019-09-09,-0.007557520541338924
2019-09-10,-0.0025395957205690076
2019-09-11,-0.0008157487553543017
2019-09-12,0.004392295686300648
2019-09-13,0.0011543471634451166
2019-09-16,-0.011791430523807137
2019-09-17,0.007572626338754502
2019-09-18,0.0029173262760737915
2019-09-19,0.004915576634525155
2019-09-20,-0.005049743357525797
2019-09-23,0.0024677254744221765
2019-09-24,0.002852941183508363
2019-09-25,-0.003599969611477679
2019-09-26,0.00360513434117349
2019-09-27,-0.003338397987824784
2019-09-30,0.0013096728306219415
2019-10-01,0.00048078917096532634
2019-10-02,0.00776222187948781
2019-10-03,0.00791766516912569
2019-10-04,0.0019513750553664347
2019-10-07,0.0010396398462942838
2019-10-08,0.0021826803997966487
2019-10-09,0.0010032563169816114
2019-10-10,-5.580701266206931e-05
2019-10-11,-0.0016230793627066838
2019-10-14,0.002422430440929507
2019-10-15,0.0030930105292425853
2019-10-16,-0.002339374578230639
2019-10-17,0.0021851082486689143
2019-10-18,-0.00024199720495885775
2019-10-21,-0.0027592985423378603
2019-10-22,-0.006243907402788136
2019-10-23,-0.005332004668134222
2019-10-24,0.002380928707109762
2019-10-25,-0.0014659165891201082
2019-10-28,0.004076391981589872
2019-10-29,-0.00039752010464545517
2019-10-30,0.005443196123869828
2019-10-31,0.0015104802265270328
2019-11-01,0.00017560502932839527
2019-11-04,-0.008832302361616312
2019-11-05,0.0003024784291142614
2019-11-06,-0.005530783600238852
2019-11-07,-0.01032763174077668
2019-11-08,0.00039247407618962326
2019-11-11,0.0018376019865676658
2019-11-12,0.0005912025412323889
2019-11-13,0.003654909398018122
2019-11-14,0.0026409314096557247
2019-11-15,0.001462276057912892
2019-11-18,0.009241626508094984
2019-11-19,0.0006430776049098849
2019-11-20,0.0012545080714999207
2019-11-21,-0.002040524518335772
2019-11-22,-1.0603360183725022e-05
2019-11-25,-0.005604569724704246
2019-11-26,0.006745344026786161
2019-11-27,0.0034111568852327624
2019-11-29,-0.0006329577062148413
2019-12-02,0.003270677492938169
2019-12-03,-0.004143852261865544
2019-12-04,-0.000577858244196163
2019-12-05,0.0017893386157278365
2019-12-06,0.0008032348203230318
2019-12-09,-0.0036422742701628587
2019-12-10,-0.00273395318946149
2019-12-11,0.005747244004034438
2019-12-12,0.0017036908729165744
2019-12-13,0.00026702619721932487
2019-12-16,0.004588621460525574
2019-12-17,-0.002223471151766672
2019-12-18,-0.0009055496279089034
2019-12-19,-0.0004829732508096445
2019-12-20,0.002706195110875047
2019-12-23,0.0014239851319504198
2019-12-24,-0.0007447741261361904
2019-12-26,-0.0005177376542040029
2019-12-27,-0.0009668233661890345
2019-12-30,0.0015052982907492074
2019-12-31,-0.0017092104758128486
2020-01-02,0.004744284292963276
2020-01-03,-0.004090795209675043
2020-01-06,-0.0010651657124070677
2020-01-07,0.0010703871248589883
2020-01-08,0.004224126300965414
2020-01-09,0.004976265970083708
2020-01-10,-0.00037069769368005667
2020-01-13,0.0040560717456191745
2020-01-14,0.0006645270859194569
2020-01-15,0.006772299165132787
2020-01-16,0.0019046864996414951
2020-01-17,0.0006292090320502628
2020-01-21,-0.0003450733633952323
2020-01-22,0.0019458847873172825
2020-01-23,0.005295906404654799
2020-01-24,-0.003578957838184988
2020-01-27,-0.002528408964045857
2020-01-28,-0.0005519132370105249
2020-01-29,0.00018263804577583012
2020-01-30,0.002413643488485409
2020-01-31,-0.0024431843959713197
2020-02-03,0.004414596777248158
2020-02-04,0.005207448796700297
2020-02-05,0.004214816857062196
2020-02-06,-0.005021527659205057
2020-02-07,0.0010508241445365118
2020-02-10,-0.005141127443748255
2020-02-11,0.0005398559117725014
2020-02-12,0.006605136762791982
2020-02-13,-0.00450581004125614
2020-02-14,-0.0012119972393307102
2020-02-18,-0.0042451320630762755
2020-02-19,0.0037254903149318793
2020-02-20,-0.004899686931636156
2020-02-21,-0.002681503164255205
2020-02-24,0.001788707620021006
2020-02-25,-0.0010258891777137702
2020-02-26,0.000833036607357558
2020-02-27,0.006735827837979365
2020-02-28,0.008522449521785224
2020-03-02,0.008475773222101331
2020-03-03,-0.008643028303563937
2020-03-04,0.004548814197186498
2020-03-05,-0.008195601064270648
2020-03-06,0.0034100686049795366
2020-03-09,-0.008575682772649447
2020-03-10,0.012984468572083317
2020-03-11,-0.005369574028357429
2020-03-12,-0.009309727621426457
2020-03-13,0.006435733192426783
2020-03-16,-0.0016315248443165052
2020-03-17,0.015499359261380722
2020-03-18,-0.005807844316833286
2020-03-19,0.0024839097892686837
2020-03-20,-0.014420731198303609
2020-03-23,-0.0027393738388417402
2020-03-24,0.007313794678930424
2020-03-25,0.008512679773507552
2020-03-26,0.01977973508009157
2020-03-27,-0.00429321257751548
2020-03-30,5.5542851059248795e-05
2020-03-31,0.0017940717332718748
2020-04-01,-0.0038806670002174085
2020-04-02,-0.005545017414624707
2020-04-03,-0.0014339906696032014
2020-04-06,0.0036312487906027795
2020-04-07,0.007830391263643948
2020-04-08,0.003365625618325713
2020-04-09,0.00315206614395786
2020-04-13,0.007977263625274142
2020-04-14,0.0018368539414707957
2020-04-15,-0.0012147846952826145
2020-04-16,0.00984210298564412
2020-04-17,-0.00032523548531468996
2020-04-20,0.006774817796302769
2020-04-21,-0.000374680280527772
2020-04-22,-0.009987698537689573
2020-04-23,-0.004620956918328203
2020-04-24,0.0033912164724681283
2020-04-27,-0.000426987873400756
2020-04-28,-0.003322894494554961
2020-04-29,-0.004804905889159825
2020-04-30,-0.0041281359385828414
2020-05-01,0.0020037961866370257
2020-05-04,-0.0039049569009657315
2020-05-05,0.008648072285629922
2020-05-06,0.007072878899330671
2020-05-07,-0.000614604248910946
2020-05-08,-0.0049550583743512575
2020-05-11,0.005330785991403667
2020-05-12,-0.0013919179787155048
2020-05-13,-0.003907521175864698
2020-05-14,-0.0006389621941153364
2020-05-15,0.0030592412084638402
2020-05-18,-0.002058600199227915
2020-05-19,0.0070611196826422355
2020-05-20,-0.0005294772916133264
2020-05-21,-0.0021781671318336017
2020-05-22,0.006533483437914098
2020-05-26,-0.004168043009867239
2020-05-27,-0.004560137940119814
2020-05-28,0.00041781345377361526
2020-05-29,0.007652233070113904
2020-06-01,-0.0006519383834846742
2020-06-02,0.00019551558310731515
2020-06-03,0.009098359425157628
2020-06-04,0.013557358055108003
2020-06-05,0.013727410060179584
2020-06-08,0.04828181005484919
2020-06-09,-0.016014765743069977
2020-06-10,-0.02464969792665072
2020-06-11,-0.01147404171863385
2020-06-12,0.007498809031214294
2020-06-15,-0.0019987483287275
2020-06-16,0.004376328515343845
2020-06-17,-0.004062574469848271
2020-06-18,-0.0029388676116032975
2020-06-19,-0.0013281930018547577
2020-06-22,-0.0077252200778412826
2020-06-23,-0.004489991894655289
2020-06-24,-0.006389561505694862
2020-06-25,-0.007430429578580155
2020-06-26,0.0027135723216244385
2020-06-29,0.004158266783886391
2020-06-30,-0.003939445099908154
2020-07-01,-0.005838984987902556
2020-07-02,0.00047070601533334575
2020-07-06,-0.0003240331757274856
2020-07-07,-0.005116285366421059
2020-07-08,-0.0026032902862708003
2020-07-09,-0.007451607137680965
2020-07-10,0.005487663002515211
2020-07-13,-0.0006268037565850726
2020-07-14,-0.004083456159932954
2020-07-15,0.00633555770481074
2020-07-16,0.009653688031859856
2020-07-17,0.004626069566206571
2020-07-20,-0.009674579619857215
2020-07-21,0.013766514251182865
2020-07-22,0.003780334675568053
2020-07-23,-0.00501754424388006
2020-07-24,0.002411628730030347
2020-07-27,-0.005846825625643891
2020-07-28,0.005552765266539358
2020-07-29,0.01858992286629953
2020-07-30,-0.0033329362705181147
2020-07-31,-0.011370124017494153
2020-08-03,0.00458832846589394
2020-08-04,0.001145648958986454
2020-08-05,0.006473079145701504
2020-08-06,-0.0039933376444188096
2020-08-07,0.0008505260910090695
2020-08-10,0.006274574217390872
2020-08-11,0.005699192071420556
2020-08-12,0.0011988929001394602
2020-08-13,-0.002414638358787657
2020-08-14,0.00672650837565802
2020-08-17,0.003978359621872032
2020-08-18,0.0035390566099926545
2020-08-19,0.0005959663743950911
2020-08-20,-0.0009350641433869555
2020-08-21,-0.007647583251023188
2020-08-24,-0.003546516820646036
2020-08-25,-0.0014699947749057826
2020-08-26,-0.0013193184030648106
2020-08-27,0.0019135548427428805
2020-08-28,0.0012208978009387217
2020-08-31,0.009092717277694106
2020-09-01,0.007773762939840011
2020-09-02,0.008255209859233368
2020-09-03,-0.010363501949696327
2020-09-04,-0.008943814530294115
2020-09-08,0.00140381152504919
2020-09-09,0.0013643341494995079
2020-09-10,-0.005254352906924251
2020-09-11,-0.00432603398743625
2020-09-14,-0.0008919046863246159
2020-09-15,0.007485480096237887
2020-09-16,-0.0006200347768064456
2020-09-17,0.0026925922673789976
2020-09-18,0.0019306828083054794
2020-09-21,-0.003609794128660479
2020-09-22,0.007975404429349
2020-09-23,-0.0053387120680941005
2020-09-24,-0.0012871200821856566
2020-09-25,-0.0016668670674984596
2020-09-28,-0.006405524000631162
2020-09-29,0.001305467743738319
2020-09-30,-0.001832528898182589
2020-10-01,-0.001186481259394492
2020-10-02,-0.00029332064076506635
2020-10-05,0.0004974375699330818
2020-10-06,-0.003962823972839553
2020-10-07,0.0011245765291365423
2020-10-08,0.005139884399458967
2020-10-09,-0.0022344532332155003
2020-10-12,-0.007018287214214551
2020-10-13,0.00861083694599625
2020-10-14,0.007915989587200953
2020-10-15,0.004713999692309817
2020-10-16,-0.0012915326704324875
2020-10-19,-0.0024066228048328967
2020-10-20,-0.003344478223875972
2020-10-21,-0.003841792864955199
2020-10-22,-0.005438030374142245
2020-10-23,0.0016809488903582017
2020-10-26,-0.004421041313213833
2020-10-27,-0.0020117685371254758
2020-10-28,-0.0012135842313059514
2020-10-29,-0.003912042873390618
2020-10-30,0.00413930147255428
2020-11-02,0.005176034772250122
2020-11-03,0.012307406488998342
2020-11-04,-0.003880177020628863
2020-11-05,0.011084901211495784
2020-11-06,0.005884996499096716
2020-11-09,0.005800848339767316
2020-11-10,0.012470764766600018
2020-11-11,-0.008672065940098766
2020-11-12,-0.003721866202365336
2020-11-13,0.004683924565923598
2020-11-16,0.009643837280601074
2020-11-17,-0.0032485330454674207
2020-11-18,-3.477619389787923e-05
2020-11-19,-0.003736592001722841
2020-11-20,-0.0021857540127128336
2020-11-23,0.006399778224382119
2020-11-24,0.004471197911161866
2020-11-25,-0.0012184892596442429
2020-11-27,0.0014607125859288873
2020-11-30,-0.008090298716739957
2020-12-01,-0.0024409583989531765
2020-12-02,0.007966108720597255
2020-12-03,-0.0003274332484259494
2020-12-04,0.005287571261041893
2020-12-07,-0.006048090524715079
2020-12-08,-0.00294991216367322
2020-12-09,-0.005830368266989203
2020-12-10,0.00265355353808012
2020-12-11,-0.007071366496066522
2020-12-14,-0.007835445909960869
2020-12-15,-0.0014680791752116255
2020-12-16,-0.0017856239352371122
2020-12-17,0.0022164540986228548
2020-12-18,-0.0025041971737882404
2020-12-21,0.0005946621897140486
2020-12-22,-0.0011248893894650735
2020-12-23,0.0061103592291126985
2020-12-24,-0.002626836513314079
2020-12-28,0.006571435311879152
2020-12-29,0.0006147088714626217
2020-12-30,-0.0007075174246329705
2020-12-31,-0.0035494524401095155
2021-01-04,0.001988737672113733
2021-01-05,0.0015791045169695765
2021-01-06,0.004247903582472256
2021-01-07,0.008177102029701205
2021-01-08,0.0004158215050955114
2021-01-11,-0.007779334014291412
2021-01-12,0.006196292594912987
2021-01-13,0.0032687972516048085
2021-01-14,0.016063019335943462
2021-01-15,0.002259515389778522
2021-01-18,0.0
2021-01-19,0.0
2021-01-20,0.0
2021-01-21,0.008284245541375648
2021-01-22,0.012279549107866014
2021-01-25,0.0028924380217895235
2021-01-26,0.02699142321671594
2021-01-27,0.06500580608588648
2021-01-28,-0.05086510393737876
2021-01-29,0.03667018539398587
2021-01-31,0.0
2021-02-01,0.0
2021-02-02,0.0
2021-02-03,0.008518923487790096
2021-02-04,-0.012770134491931432
2021-02-05,0.0032596193146473803
2021-02-08,-0.0005391663974368402
2021-02-09,-0.007299687454988484
2021-02-10,-0.0017830519243625558
2021-02-11,-0.0012050756299110928
2021-02-12,-0.002007920773653879
2021-02-16,0.003172477260157329
2021-02-17,-0.0010325546278323204
2021-02-18,-0.008380397183500976
2021-02-19,0.0056937847173131806
2021-02-22,0.011153343876309467
2021-02-23,0.001643969753316679
2021-02-24,0.02142895270421486
2021-02-25,0.007069571158286278
2021-02-26,-0.006975234635980792
2021-02-28,0.0
2021-03-01,0.0
2021-03-02,0.0
2021-03-03,0.010966993129323987
2021-03-04,0.009782364729940365
2021-03-05,0.002680570759906282
2021-03-08,0.027367258214061333
2021-03-09,0.01599983654506086
2021-03-10,0.012648528105867342
2021-03-11,0.0015080576595939876
2021-03-12,0.007764373870820168
2021-03-15,-0.019084806492235283
2021-03-16,-0.012758582128501849
2021-03-17,0.002396533357274229
2021-03-18,-0.0017737818656101037
2021-03-19,0.0010377827300313302
2021-03-22,-0.005027604798583091
2021-03-23,-0.009031168554638511
2021-03-24,0.0042286723679226005
2021-03-25,0.004405587743847141
2021-03-26,-0.002278664691607501
2021-03-29,0.0009579025412693614
2021-03-30,0.00634984023035857
2021-03-31,-0.004483804735526262
2021-04-01,-9.289628412155864e-05
2021-04-05,-0.0011474368254257492
2021-04-06,-0.0009203409445841334
2021-04-07,-0.0038296228953059075
2021-04-08,-0.003277530054721255
2021-04-09,0.001328729355036264
2021-04-12,-0.006926433696552749
2021-04-13,-0.004486020080294344
2021-04-14,0.00359136009666899
2021-04-15,-0.006916315894871349
2021-04-16,-0.0025242452289437837
2021-04-19,-0.00013009636348231893
2021-04-20,-0.0018376410960742095
2021-04-21,-0.002749691290477886
2021-04-22,-0.0033539361627188792
2021-04-23,-0.0004395616628104257
2021-04-26,0.0025815771998743517
2021-04-27,-2.063020593044237e-05
2021-04-28,0.00754992703069286
2021-04-29,-0.001254814839125045
2021-04-30,0.003988143787644376
2021-05-03,0.0118908668896362
2021-05-04,6.203234417827857e-05
2021-05-05,-0.0018880815376467856
2021-05-06,-0.004058896517242975
2021-05-07,0.008218376632500248
2021-05-10,0.002834213770818771
2021-05-11,-0.004301861904721964
2021-05-12,0.005696319186745035
2021-05-13,-0.006603599506692178
2021-05-14,-0.0019199465620965675
2021-05-17,0.006197987118280378
2021-05-18,-0.002239299527640789
2021-05-19,-0.001620597637276909
2021-05-20,-0.0017408768540144342
2021-05-21,0.0029556528379388295
2021-05-24,-0.0003882031290064076
2021-05-25,-0.0041194162256696434
2021-05-26,0.0011912159532713779
2021-05-27,0.0003811482432521294
2021-05-28,-0.0005148214537876757
2021-05-31,0.0
2021-06-01,0.0
2021-06-02,0.0
2021-06-03,0.0030013147039546083
2021-06-04,-0.006594015104690791
2021-06-07,-0.0025867031150028025
2021-06-08,-0.003029324473719482
2021-06-09,-0.004756169094558194
2021-06-10,-0.0043279318360559225
2021-06-11,-0.0022847222241506025
2021-06-14,-0.0013727200422944412
2021-06-15,0.005603791917883946
2021-06-16,0.0028329297554592664
2021-06-17,-0.0017751734727262129
2021-06-18,0.00031990935146218585
2021-06-21,-0.00198842107863174
2021-06-22,-0.004140823822659655
2021-06-23,-0.00048703995258440674
2021-06-24,-0.0015766660259622807
2021-06-25,-0.0033760913528089976
2021-06-28,-0.004458046073599006
2021-06-29,-0.0011840800408685819
2021-06-30,-0.0014902961607241455
2021-07-01,0.0014397166890687098
2021-07-02,-0.0019000472887202857
2021-07-05,0.0
2021-07-06,0.0
2021-07-07,0.0
2021-07-08,0.003726499416933833
2021-07-09,0.002285090848280847
2021-07-12,-0.0012480819111988606
2021-07-13,-0.00040004612439053383
2021-07-14,-0.0010946988436478634
2021-07-15,0.0008048945869862428
2021-07-16,-0.006833613528129227
2021-07-19,0.004909756656664831
2021-07-20,-0.0011989178447555603
2021-07-21,0.003843033109140871
2021-07-22,-0.004062754393208216
2021-07-23,0.005987132564454643
2021-07-26,0.0031072619269612595
2021-07-27,0.0013851876439745473
2021-07-28,0.0055064119693163495
2021-07-29,-0.0020213321607469026
2021-07-30,0.001050527349874747
2021-07-31,0.0
2021-08-02,0.0
2021-08-03,0.0
2021-08-04,-0.005092479584823303
2021-08-05,0.002234761190107207
2021-08-06,0.004743539621604254
2021-08-09,0.00238338457527796
2021-08-10,0.0035699041986939355
2021-08-11,0.003868663449941367
2021-08-12,-0.0026723837126909665
2021-08-13,-0.00426567422757835
2021-08-16,-0.0002129636496812007
2021-08-17,0.002355065357991026
2021-08-18,0.002446311492620619
2021-08-19,-0.0025742353232619366
2021-08-20,0.0016895075290489256
2021-08-23,9.688402210107843e-06
2021-08-24,0.010357710829226483
2021-08-25,0.0006535693497872201
2021-08-26,0.0012600306219274447
2021-08-27,-0.00022430065740517856
2021-08-30,-0.0006050741489101576
2021-08-31,0.0067229644392933574
2021-09-01,0.00021683897009012914
2021-09-02,-0.0022876971015582392
2021-09-03,0.0006419295021167519
2021-09-07,0.0016249476763105317
2021-09-08,-0.004150892962509849
2021-09-09,0.0042255075364098635
2021-09-10,-0.0011644257372057736
2021-09-13,0.004277754041033913
2021-09-14,-0.0007860827675735294
2021-09-15,-0.0002704161694607853
2021-09-16,0.002757813325713277
2021-09-17,0.001199824170830251
2021-09-20,0.0001916593304109869
2021-09-21,0.0003664229512112267
2021-09-22,-0.0014308812820806867
2021-09-23,0.0017229110974006263
2021-09-24,0.0017427783102921062
2021-09-27,0.010329306862647507
2021-09-28,0.007278882832154061
2021-09-29,0.0006700426252354899
2021-09-30,0.005836892619820715
2021-10-01,-0.006198469526959019
2021-10-04,0.005660693708054217
2021-10-05,0.0001855480327028721
2021-10-06,-0.002504210812716002
2021-10-07,-0.0042345191512067675
2021-10-08,0.001161509399181913
2021-10-11,0.001544858882710999
2021-10-12,-0.0017999187424154266
2021-10-13,-0.0003336971616198413
2021-10-14,-0.002571374891060477
2021-10-15,-0.003480511342353194
2021-10-18,-0.0010379752218184013
2021-10-19,-0.001954184706785746
2021-10-20,0.004055912693582778
2021-10-21,-0.0024664020114727094
2021-10-22,-0.007225557382569057
2021-10-25,-0.003299235582370578
2021-10-26,-0.0020261801932864266
2021-10-27,0.004046304849691125
2021-10-28,-0.001177642566513598
2021-10-29,-0.005335039281762776
2021-10-31,0.0
2021-11-01,0.0
2021-11-02,0.0
2021-11-03,0.00038745084082818964
2021-11-04,-0.003778660663597733
2021-11-05,-0.0017350629925866952
2021-11-08,0.0041323610058944145
2021-11-09,-0.002368972374343908
2021-11-10,0.003194746672631167
2021-11-11,0.011544100805862425
2021-11-12,-0.002065665736788351
2021-11-15,0.00047435580106861724
2021-11-16,-0.0020818442883486846
2021-11-17,-0.0012991649892709718
2021-11-18,-0.002967117460554599
2021-11-19,-0.005697171216957881
2021-11-22,0.0023648340543719545
2021-11-23,0.0062893239137878434
2021-11-24,0.0026661815063743167
2021-11-26,0.002725848417995137
2021-11-29,-0.002152675814827359
2021-11-30,0.0028576955214072094
2021-12-01,0.002753757483952547
2021-12-02,-0.005230830894453322
2021-12-03,0.0004864033734253536
2021-12-06,-0.0028436858109369715
2021-12-07,-0.003053468392275843
2021-12-08,-0.001017119427121627
2021-12-09,0.0035499866931351875
2021-12-10,-0.0022298869239088153
2021-12-13,-0.0038514023268990394
2021-12-14,0.004122671263063745
2021-12-15,-0.004962578207590159
2021-12-16,0.006126449893183452
2021-12-17,0.0008146856792570712
2021-12-20,-0.0016557381221129254
2021-12-21,0.001739892242927147
2021-12-22,-0.0005077689739515058
2021-12-23,-0.0036280656912338707
2021-12-27,-0.003428676586164368
2021-12-28,0.0017391942493146409
2021-12-29,-0.0015254266490308784
2021-12-30,-7.903498232592231e-05
2021-12-31,0.001502155582547234
2022-01-03,0.006183507166511173
2022-01-04,0.005826481511507152
2022-01-05,0.005082903456138299
2022-01-06,-0.0005917305798319853
2022-01-07,0.006368501305490169
2022-01-10,0.005801922610452767
2022-01-11,0.0016667848183840005
2022-01-12,0.0024274750668151924
2022-01-13,0.0035193661052335063
2022-01-14,0.00570911307102347
2022-01-17,0.0
2022-01-18,0.0
2022-01-19,0.0
2022-01-20,0.004396566256175269
2022-01-21,-0.002496940159712653
2022-01-24,-0.0019347913883375001
2022-01-25,0.009473317988548939
2022-01-26,0.0010780563708732828
2022-01-27,-0.0040493326044856535
2022-01-28,-0.005256305726133836
2022-01-31,-0.0033830409963104074
2022-02-01,0.00044707837469862386
2022-02-02,0.0014482762750204718
2022-02-03,0.0032631373775497915
2022-02-04,0.007526539827115403
2022-02-07,0.0017783984625932832
2022-02-08,0.00031493361614298623
2022-02-09,-0.0032168704257646242
2022-02-10,0.0006939558205047217
2022-02-11,0.004206854316555182
2022-02-14,-0.0029607098552040306
2022-02-15,-0.0021506781134985322
2022-02-16,0.0006042761586477589
2022-02-17,0.005626124680891908
2022-02-18,-0.001072701340194181
2022-02-22,-0.003490226774613484
2022-02-23,0.004661161225787425
2022-02-24,-0.005275032798329594
2022-02-25,-0.0037943805964744085
2022-02-28,-0.0050810483740946
2022-03-01,0.004027302714973487
2022-03-02,0.005201544485383518
2022-03-03,0.005880645213888738
2022-03-04,0.006256103158747469
2022-03-07,0.02251091173187581
2022-03-08,0.00236704304853396
2022-03-09,-0.007755817115837909
2022-03-10,0.003338335383288942
2022-03-11,0.0027393931916683905
2022-03-14,0.0037316284767101074
2022-03-15,-0.005868190820084227
2022-03-16,-0.010241048406080254
2022-03-17,-0.0026991482371451414
2022-03-18,-0.00929276774951609
2022-03-21,0.0024313808168286407
2022-03-22,-0.005181841089621395
2022-03-23,0.0009388536987271295
2022-03-24,0.0024429066300904216
2022-03-25,0.014628651147465796
2022-03-28,-0.005482168812996384
2022-03-29,-0.009041581453958626
2022-03-30,0.0015600628543876339
2022-03-31,0.0006858416896514445
2022-04-01,-0.0024756520915865505
2022-04-04,-0.009741633753158185
2022-04-05,0.003148343086127345
2022-04-06,0.0057447667129464945
2022-04-07,-0.006276245292621156
2022-04-08,0.005759195011513
2022-04-11,-0.004193199516773885
2022-04-12,0.004012908112902845
2022-04-13,-0.001134388426902933
2022-04-14,0.006427669127271489
2022-04-18,0.008654570783321004
2022-04-19,-0.015184323705027713
2022-04-20,0.0032978148298450777
2022-04-21,0.002990019888495992
2022-04-22,-0.0009647149734533301
2022-04-25,-0.016173566722801822
2022-04-26,0.005543099702900384
2022-04-27,0.0011808086054732974
2022-04-28,-0.0024604825661059832
2022-04-29,0.0031063931228019885
2022-05-02,-0.003060473999986533
2022-05-03,0.0025495879326498687
2022-05-04,-0.003964722159722603
2022-05-05,0.014595687493924573
2022-05-06,0.005140626682563641
2022-05-09,-0.010579022894855043
2022-05-10,0.006793119803978607
2022-05-11,0.008335165059224034
2022-05-12,-0.009125590886097936
2022-05-13,-0.007157033400552832
2022-05-16,0.008582000393342363
2022-05-17,-0.0024693520259042637
2022-05-18,0.018545876694813595
2022-05-19,-0.0018395230293745415
2022-05-20,0.005570540056788181
2022-05-23,0.004441607137724897
2022-05-24,0.0058613491334963365
2022-05-25,0.0006074047659914248
2022-05-26,-0.005272368560694542
2022-05-27,-0.004734424577646689
2022-05-30,0.0
2022-05-31,0.0
2022-06-01,0.0
2022-06-02,-0.010614534864427554
2022-06-03,-0.002172609803075451
2022-06-06,0.003886238300448635
2022-06-07,-0.0011795870221419738
2022-06-08,0.0003378359674406548
2022-06-09,0.0035579986915796917
2022-06-10,0.0009947690045246937
2022-06-13,0.0021509801826840027
2022-06-14,0.0006481433210137422
2022-06-15,-0.007837982777481895
2022-06-16,0.0023505333606426686
2022-06-17,-0.007702225180254867
2022-06-21,0.0016313780697335982
2022-06-22,-0.004934118434730589
2022-06-23,-0.015090575851811292
2022-06-24,-0.00575869089628863
2022-06-27,0.006065834353542875
2022-06-28,0.010382348287798795
2022-06-29,-0.0030194297010183477
2022-06-30,0.0002444444750872672
2022-07-01,-0.00406827541488526
2022-07-04,0.0
2022-07-05,0.0
2022-07-06,0.0
2022-07-07,0.0025160192143067377
2022-07-08,0.0050583177158259945
2022-07-11,0.005254581249221517
2022-07-12,-0.0020309955543412997
2022-07-13,0.0006014784428798406
2022-07-14,6.542276439836089e-06
2022-07-15,-0.0018424670987872843
2022-07-18,0.007832078260417827
2022-07-19,-0.004040769886168418
2022-07-20,-0.004619866422728495
2022-07-21,-0.011020652978398087
2022-07-22,0.0063896188904596415
2022-07-25,0.010424273586222164
2022-07-26,0.0038647781807287945
2022-07-27,0.0006625772702059492
2022-07-28,-0.02034240037959495
2022-07-29,-0.0035091009857436276
2022-08-01,-0.005678482061812992
2022-08-02,-0.00016318108619300925
2022-08-03,0.005994438523082482
2022-08-04,-0.006093932409878692
2022-08-05,0.017512995752641286
2022-08-08,0.0028696303882662826
2022-08-09,0.011283710631870371
2022-08-10,0.0016939105229413598
2022-08-11,0.0011924380592069858
2022-08-12,0.0032991712563756243
2022-08-15,0.0006560985055882343
2022-08-16,-0.004675553577382184
2022-08-17,-0.004351230679515643
2022-08-18,-0.002713538468896979
2022-08-19,0.0004227561430623733
2022-08-22,0.0026992279356768995
2022-08-23,0.00026326704361596205
2022-08-24,-0.0012237479128590191
2022-08-25,0.002912600371788943
2022-08-26,-0.0030257029703860605
2022-08-29,-0.002213021656321534
2022-08-30,-0.0003430840867403302
2022-08-31,0.00047661657380797305
2022-09-01,-0.0073673048944651615
2022-09-02,0.004380134149331546
2022-09-06,-0.007891689832291651
2022-09-07,-0.001609326733587022
2022-09-08,0.002917020785387817
2022-09-09,0.002194854230885551
2022-09-12,0.003685773120274536
2022-09-13,0.004665628994630899
2022-09-14,-0.0004318140592313994
2022-09-15,0.0034925233067756144
2022-09-16,-0.007041324997825019
2022-09-19,-0.005314253597075705
2022-09-20,-0.0023082436960614855
2022-09-21,-0.0025763850988761274
2022-09-22,0.0015795022550281848
2022-09-23,-0.004334902353530953
2022-09-26,-0.004904631735824654
2022-09-27,-0.0017039468567894465
2022-09-28,0.0006473333870515658
2022-09-29,0.0050374589900789414
2022-09-30,-0.000706044769459358
2022-10-03,0.0002064550532446793
2022-10-04,0.004043097493314767
2022-10-05,-0.0022608703034419763
2022-10-06,-0.000534210025333192
2022-10-07,0.0008408623676555396
2022-10-10,-0.0029357921275494354
2022-10-11,0.0020875642368634504
2022-10-12,-0.0032211771118828116
2022-10-13,-0.00030176742455948364
2022-10-14,0.001637041345277907
2022-10-17,-0.0019862420104872205
2022-10-18,-0.0013974887501718735
2022-10-19,0.00861925668767441
2022-10-20,0.005950385108561295
2022-10-21,-0.002573505447604617
2022-10-24,0.002187445011403003
2022-10-25,-0.0014176534760262757
2022-10-26,-0.00017739851135977784
2022-10-27,0.008287751895494385
2022-10-28,0.005312232015731114
2022-10-31,0.006240249477780175
2022-11-01,-0.0013271797911119602
2022-11-02,0.004533180830450317
2022-11-03,0.0029994829730421078
2022-11-04,-0.013968041886268212
2022-11-07,4.6613028697142355e-05
2022-11-08,-0.005183306409641371
2022-11-09,-0.013268603825176627
2022-11-10,-0.004112156338628195
2022-11-11,0.007433659293849905
2022-11-14,0.004490832184707616
2022-11-15,-0.0020148776050284293
2022-11-16,-0.004684468157332415
2022-11-17,0.007015364563808484
2022-11-18,-0.004747578730214379
2022-11-21,0.001756369666141173
2022-11-22,0.0014273495696808627
2022-11-23,0.002764183086934082
2022-11-24,0.0
2022-11-25,0.0
2022-11-28,0.0
2022-11-29,0.0021135660995855805
2022-11-30,-0.0007173946402907783
2022-12-01,-0.0013767987261357449
2022-12-02,-0.0019224135072631475
2022-12-05,-0.0027770757059953086
2022-12-06,0.0057725917743511644
2022-12-07,-0.001485267180080266
2022-12-08,-0.003285325524746657
2022-12-09,0.004611867549818552
2022-12-12,0.0048524912760308705
2022-12-13,0.002809874168832662
2022-12-14,0.002359553571478432
2022-12-15,0.0019902132818024887
2022-12-16,0.0018972806602386848
2022-12-19,-0.0023545353824079144
2022-12-20,-0.0052958928159280326
2022-12-21,-0.004537206480835339
2022-12-22,-0.00428306851877748
2022-12-23,0.001467947105541711
2022-12-27,-0.0008359329655573685
2022-12-28,-0.0019138264900359096
2022-12-29,0.0023380693644291404
2022-12-30,0.003868636324978598
2023-01-03,-0.0030443966655525896
2023-01-04,0.003435953489462095
2023-01-05,0.003047991379928375
2023-01-06,-0.0049718823832658795
2023-01-09,0.0009260798091295276
2023-01-10,-0.00441597888934198
2023-01-11,-0.0005799831969689861
2023-01-12,0.0060324107017404
2023-01-13,-0.00289832447629727
2023-01-16,0.0
2023-01-17,0.0
2023-01-18,0.0
2023-01-19,0.006185166107980334
2023-01-20,0.0033615051583478005
2023-01-23,0.007499796955558906
2023-01-24,-0.004501147447313346
2023-01-25,0.00482471213319565
2023-01-26,0.0009831064982370051
2023-01-27,0.011287544060412545
2023-01-30,-0.003651145493505095
2023-01-31,-0.0012430385092874873
2023-02-01,0.00018384162445523407
2023-02-02,0.0101000662571186
2023-02-03,-0.008439513460455626
2023-02-06,0.001764365763140663
2023-02-07,-0.003488406576990189
2023-02-08,-0.002525238988234914
2023-02-09,0.0017787877829316978
2023-02-10,0.0017726874824966596
2023-02-13,-0.0009539420755560629
2023-02-14,-0.0013307992691357204
2023-02-15,-0.0017168581465264053
2023-02-16,-0.0003154471943095801
2023-02-17,0.0009575929021267594
2023-02-21,-0.0026933854610748965
2023-02-22,-0.0020109479906671502
2023-02-23,0.0008039144615528992
2023-02-24,0.004320688765174607
2023-02-27,-0.000410275097814258
2023-02-28,0.0022198033890782425
2023-03-01,0.0052407950916513206
2023-03-02,-0.0009466541717758578
2023-03-03,-0.0022484308218598064
2023-03-06,-0.004291542992419864
2023-03-07,0.002261860452098727
2023-03-08,-0.005686541452376877
2023-03-09,-0.005332501857025624
2023-03-10,-0.00037758382741403797
2023-03-13,-0.005650813810176545
2023-03-14,-0.0009863138528990317
2023-03-15,-0.01567787671286098
2023-03-16,0.0013853045624186624
2023-03-17,0.0002666926459162504
2023-03-20,0.008883943368247542
2023-03-21,-0.006388897068085335
2023-03-22,0.0017588505959680923
2023-03-23,-0.0013452519388520363
2023-03-24,0.0004913937286505808
2023-03-27,0.0015622696250526843
2023-03-28,-0.0003112294332181239
2023-03-29,-0.006382438424854579
2023-03-30,-0.006866325416354065
2023-03-31,-0.0016830935973114894
2023-04-03,0.00442965817976251
2023-04-04,-0.007307528313232594
2023-04-05,0.0011373196235552208
2023-04-06,-0.008637004908107726
2023-04-10,0.004184259486772866
2023-04-11,0.0031448595333019177
2023-04-12,0.00507848792542958
2023-04-13,-0.0029105125076535608
2023-04-14,0.0016106674761863181
2023-04-17,-0.006219997736435353
2023-04-18,0.0029773625722125524
2023-04-19,-0.0031100470969429635
2023-04-20,0.003662296168123297
2023-04-21,-0.003196042933491713
2023-04-24,0.005172745359960783
2023-04-25,0.006028574870944505
2023-04-26,0.00109812203586641
2023-04-27,-0.001374954788998753
2023-04-28,6.22885686701693e-05
2023-05-01,0.0035446676782894824
2023-05-02,0.007678630486279217
2023-05-03,-0.0008023813533385854
2023-05-04,-0.0015010057332563768
2023-05-05,-0.0063956800213237
2023-05-08,0.0006112799628748263
2023-05-09,0.0002028932864666682
2023-05-10,0.001077662657972664
2023-05-11,-0.001174899606635722
2023-05-12,0.005983825097882326
2023-05-15,-0.007592992666423112
2023-05-16,-0.0007495352854488557
2023-05-17,-0.005280683554275889
2023-05-18,0.0001558778947464658
2023-05-19,4.497380544190942e-05
2023-05-22,-0.004193109221807222
2023-05-23,-0.005302515005864323
2023-05-24,0.0017595758289359871
2023-05-25,0.009587009554015258
2023-05-26,0.0005759021028036719
2023-05-30,-0.0030666005758066953
2023-05-31,0.004503169633819792
2023-06-01,-0.0009962447307275326
2023-06-02,0.004893987631689393
2023-06-05,-3.538193565233818e-05
2023-06-06,0.0035532859925269953
2023-06-07,0.0028753945008821754
2023-06-08,-0.0010163436667728583
2023-06-09,0.0012465324089867683
2023-06-12,-0.0018120251995678172
2023-06-13,-0.0042188055910206326
2023-06-14,0.0006741445132006829
2023-06-15,-0.002795480501769425
2023-06-16,-0.0009406955632814107
2023-06-20,0.003921223559402444
2023-06-21,0.005459074584047385
2023-06-22,0.0047602503843715595
2023-06-23,0.0006262278095824087
2023-06-26,-0.0014750927531213497
2023-06-27,-0.0020062582058929506
2023-06-28,-0.005508311082214951
2023-06-29,0.00289691532939799
2023-06-30,-0.00014425587771493896
2023-07-03,0.0007520561926087509
2023-07-05,0.00014325419121739288
2023-07-06,0.0015360151650583803
2023-07-07,0.00027901876236475603
2023-07-10,0.00014485888726039275
2023-07-11,-0.0010211689837670815
2023-07-12,0.003989741636213083
2023-07-13,0.0016621036071966125
2023-07-14,0.0010848303346785216
2023-07-17,-0.0003355150639951257
2023-07-18,-0.002604059069718512
2023-07-19,-0.004503285042116984
2023-07-20,-0.00019971194945993812
2023-07-21,0.0016450857085281148
2023-07-24,-0.00010026924325718235
2023-07-25,0.0009521695000444309
2023-07-26,-0.0011052374110216623
2023-07-27,0.0014528505591833117
2023-07-28,0.002473726096294217
2023-07-31,0.0010376232369455928
2023-08-01,0.004169934607191772
2023-08-02,-0.0014756965809780143
2023-08-03,-0.0012502460371267912
2023-08-04,0.0065436821916864465
2023-08-07,0.0033852955308200493
2023-08-08,0.007757116974391525
2023-08-09,-0.00029798283899805725
2023-08-10,-0.0013135526769522798
2023-08-11,0.0027344941739460204
2023-08-14,-0.00030237339186633266
2023-08-15,0.0011019703293122657
2023-08-16,-0.00025793611344097564
2023-08-17,-0.00394970400978766
2023-08-18,0.002440077407867514
2023-08-21,-0.004876930549189644
2023-08-22,0.002398363114134445
2023-08-23,0.0005584911897008444
2023-08-24,0.0008148575551170553
2023-08-25,0.0040714382699340804
2023-08-28,0.00015114737002785685
2023-08-29,0.001181788882044285
2023-08-30,0.0012496610055774946
2023-08-31,0.0016172331405655614
2023-09-01,0.001565220988754233
2023-09-05,-0.006513716029499982
2023-09-06,-0.0032479665730210288
2023-09-07,1.5967113092158229e-06
2023-09-08,0.002261945831314143
2023-09-11,0.00012184631598559977
2023-09-12,0.002686357708655783
2023-09-13,-0.0007549200474901458
2023-09-14,0.006918852270351686
2023-09-15,0.000693957662260893
2023-09-18,-0.0035667707277628846
2023-09-19,0.0011508732783707951
2023-09-20,0.0018578775872815426
2023-09-21,0.006443171549274808
2023-09-22,-0.0037582125158659068
2023-09-25,0.0007286665741263736
2023-09-26,-0.0010557819797217744
2023-09-27,-0.0009575897074697015
2023-09-28,-0.002073349140224534
2023-09-29,0.00028239723537280695
2023-10-02,0.003226157049669518
2023-10-03,-0.001795639106595214
2023-10-04,-0.004156703080249414
2023-10-05,-0.0018229689068904455
2023-10-06,-0.0042661047172985345
2023-10-09,-0.0009995535630391295
2023-10-10,0.0026730268784507876
2023-10-11,-0.0029343926128225077
2023-10-12,-0.002995420434144856
2023-10-13,-0.0029614645034648605
2023-10-16,-0.002024498740363672
2023-10-17,0.002271836893439103
2023-10-18,-0.00022673823513701585
2023-10-19,-0.0008802110386341439
2023-10-20,0.005568275330841953
2023-10-23,-0.0011191512089731835
